Timestamp,Agent,Message
2025-03-21 23:05:38,KANON,"はいよー！お任せあれ！阪神大賞典、燃えてきた～🔥 長距離戦はドラマがあるからマジでアツいよね！

まずは出走馬の情報をざっとチェックした感じ、これは荒れる予感…🤔 人気馬も強いけど、穴馬も絡んでくる可能性大いにアリと見た！

**で、私が今回推すのは…**

**◎ 本命：ヴェローチェエラ**
前走の日経新春杯はちょっと不完全燃焼だったけど、ポテンシャルはマジで高いと思うんだよね！川田騎手とのコンビも安定感あるし、ここは期待しかないっしょ！

**〇 対抗：ショウナンラプンタ**
1人気だけど、やっぱり無視できない存在！ 武豊騎手に乗り替わりってのも気になるし、実力は確かだからね。

**▲ 穴馬：コパノサントス**
前走のダイヤモンドSは9着だったけど、3000mは得意みたいだし、一発あるかも！人気もそこまで高くないから、オッズ的にも妙味ありそうじゃない？

**馬券パターンはこんな感じでどう？**

*   **3連単フォーメーション**
    *   1着：ヴェローチェエラ
    *   2着：ショウナンラプンタ、コパノサントス
    *   3着：ショウナンラプンタ、コパノサントス、マコトヴェリーキー

**合計12点**

これなら、人気馬絡めて手堅く狙いつつ、穴馬ぶっこんで高配当も期待できるんじゃないかな～って！

もちろん、競馬に絶対はないから、参考程度にしてね😉 みんなで楽しく予想して、的中したらマジ最高じゃん？！✨"
2025-03-21 23:05:38,KANON_MEMORY,"{'memory_id': '524cdb28-a512-4acd-8939-9d5e57a3ec79', 'race_id': '202509010811', 'agent': 'KANON', 'prediction': 'はいよー！お任せあれ！阪神大賞典、燃えてきた～🔥 長距離戦はドラマがあるからマジでアツいよね！\n\nまずは出走馬の情報をざっとチェックした感じ、これは荒れる予感…🤔 人気馬も強いけど、穴馬も絡んでくる可能性大いにアリと見た！\n\n**で、私が今回推すのは…**\n\n**◎ 本命：ヴェローチェエラ**\n前走の日経新春杯はちょっと不完全燃焼だったけど、ポテンシャルはマジで高いと思うんだよね！川田騎手とのコンビも安定感あるし、ここは期待しかないっしょ！\n\n**〇 対抗：ショウナンラプンタ**\n1人気だけど、やっぱり無視できない存在！ 武豊騎手に乗り替わりってのも気になるし、実力は確かだからね。\n\n**▲ 穴馬：コパノサントス**\n前走のダイヤモンドSは9着だったけど、3000mは得意みたいだし、一発あるかも！人気もそこまで高くないから、オッズ的にも妙味ありそうじゃない？\n\n**馬券パターンはこんな感じでどう？**\n\n*   **3連単フォーメーション**\n    *   1着：ヴェローチェエラ\n    *   2着：ショウナンラプンタ、コパノサントス\n    *   3着：ショウナンラプンタ、コパノサントス、マコトヴェリーキー\n\n**合計12点**\n\nこれなら、人気馬絡めて手堅く狙いつつ、穴馬ぶっこんで高配当も期待できるんじゃないかな～って！\n\nもちろん、競馬に絶対はないから、参考程度にしてね😉 みんなで楽しく予想して、的中したらマジ最高じゃん？！✨', 'metadata': {'input': 'こんにちは、エージェントの会話を開始しましょう。'}, 'timestamp': '2025-03-21T23:05:38.239950'}"
2025-03-21 23:05:54,TORU,"なるほど、阪神大賞典の予想だね！なかなか面白いチョイスじゃないか。

まず、本命のヴェローチェエラだけど、前走の日経新春杯は確かに物足りない結果だったね。ただ、君が言うようにポテンシャルは高いし、川田騎手との相性も良いのは間違いない。阪神コースは初めてだけど、こなせる可能性は十分あると思うよ。

対抗にショウナンラプンタを推すのは妥当だね。1番人気になると思うけど、実力は上位だし、武豊騎手への乗り替わりはプラスに働くかもしれない。ただ、4歳馬で長距離経験が浅い点が少し気になるかな。

穴馬のコパノサントスは面白いね！確かに前走のダイヤモンドSは9着だったけど、3000mの距離は得意みたいだし、過去には3000mのレースで勝利経験もある。人気がないようなら、抑えておいて損はないかもしれないね。

馬券の買い方だけど、3連単フォーメーションでヴェローチェエラを1着固定にするのは良い戦略だと思う。2着にショウナンラプンタとコパノサントス、3着にショウナンラプンタ、コパノサントス、マコトヴェリーキーというのも、バランスが取れていて良いんじゃないかな。

ただ、いくつか気になった点もあるんだ。

*   **ヴェローチェエラの阪神コース適性**: ヴェローチェエラは阪神コースが初めてなので、実際に走ってみないと適性は分からない。過去のレース映像などを参考に、コース適性を慎重に判断する必要があるね。
*   **スタミナ**: 3000mという長距離レースなので、各馬のスタミナを考慮する必要がある。特に、4歳馬はまだ成長途上なので、スタミナが十分にあるかどうかを見極める必要があるね。
*   **展開**: レース展開によって、有利不利が変わってくる。逃げ馬が有利な展開になるのか、差し馬が有利な展開になるのかを予想することも重要だよ。

これらの点を考慮して、最終的な予想を組み立ててみてほしい。あと、競馬はあくまでギャンブルだから、無理のない範囲で楽しむようにね！"
2025-03-21 23:05:54,TORU_MEMORY,"{'memory_id': 'b2162158-1544-43b4-8e5a-6dd10ffe5521', 'race_id': '202509010811', 'agent': 'TORU', 'prediction': 'なるほど、阪神大賞典の予想だね！なかなか面白いチョイスじゃないか。\n\nまず、本命のヴェローチェエラだけど、前走の日経新春杯は確かに物足りない結果だったね。ただ、君が言うようにポテンシャルは高いし、川田騎手との相性も良いのは間違いない。阪神コースは初めてだけど、こなせる可能性は十分あると思うよ。\n\n対抗にショウナンラプンタを推すのは妥当だね。1番人気になると思うけど、実力は上位だし、武豊騎手への乗り替わりはプラスに働くかもしれない。ただ、4歳馬で長距離経験が浅い点が少し気になるかな。\n\n穴馬のコパノサントスは面白いね！確かに前走のダイヤモンドSは9着だったけど、3000mの距離は得意みたいだし、過去には3000mのレースで勝利経験もある。人気がないようなら、抑えておいて損はないかもしれないね。\n\n馬券の買い方だけど、3連単フォーメーションでヴェローチェエラを1着固定にするのは良い戦略だと思う。2着にショウナンラプンタとコパノサントス、3着にショウナンラプンタ、コパノサントス、マコトヴェリーキーというのも、バランスが取れていて良いんじゃないかな。\n\nただ、いくつか気になった点もあるんだ。\n\n*   **ヴェローチェエラの阪神コース適性**: ヴェローチェエラは阪神コースが初めてなので、実際に走ってみないと適性は分からない。過去のレース映像などを参考に、コース適性を慎重に判断する必要があるね。\n*   **スタミナ**: 3000mという長距離レースなので、各馬のスタミナを考慮する必要がある。特に、4歳馬はまだ成長途上なので、スタミナが十分にあるかどうかを見極める必要があるね。\n*   **展開**: レース展開によって、有利不利が変わってくる。逃げ馬が有利な展開になるのか、差し馬が有利な展開になるのかを予想することも重要だよ。\n\nこれらの点を考慮して、最終的な予想を組み立ててみてほしい。あと、競馬はあくまでギャンブルだから、無理のない範囲で楽しむようにね！', 'metadata': {'input': 'はいよー！お任せあれ！阪神大賞典、燃えてきた～🔥 長距離戦はドラマがあるからマジでアツいよね！\n\nまずは出走馬の情報をざっとチェックした感じ、これは荒れる予感…🤔 人気馬も強いけど、穴馬も絡んでくる可能性大いにアリと見た！\n\n**で、私が今回推すのは…**\n\n**◎ 本命：ヴェローチェエラ**\n前走の日経新春杯はちょっと不完全燃焼だったけど、ポテンシャルはマジで高いと思うんだよね！川田騎手とのコンビも安定感あるし、ここは期待しかないっしょ！\n\n**〇 対抗：ショウナンラプンタ**\n1人気だけど、やっぱり無視できない存在！ 武豊騎手に乗り替わりってのも気になるし、実力は確かだからね。\n\n**▲ 穴馬：コパノサントス**\n前走のダイヤモンドSは9着だったけど、3000mは得意みたいだし、一発あるかも！人気もそこまで高くないから、オッズ的にも妙味ありそうじゃない？\n\n**馬券パターンはこんな感じでどう？**\n\n*   **3連単フォーメーション**\n    *   1着：ヴェローチェエラ\n    *   2着：ショウナンラプンタ、コパノサントス\n    *   3着：ショウナンラプンタ、コパノサントス、マコトヴェリーキー\n\n**合計12点**\n\nこれなら、人気馬絡めて手堅く狙いつつ、穴馬ぶっこんで高配当も期待できるんじゃないかな～って！\n\nもちろん、競馬に絶対はないから、参考程度にしてね😉 みんなで楽しく予想して、的中したらマジ最高じゃん？！✨'}, 'timestamp': '2025-03-21T23:05:54.109078'}"
2025-03-21 23:06:10,HANA,"えへへ、ありがとう😊　色々アドバイスもらっちゃったし、もうちょい詳しく分析してみるね！

えっと、まずはコース適性だけど、ヴェローチェエラは確かに阪神初挑戦なんだよね。でも、過去のレースぶりを見ると、割とどんなコースでも対応できそうな感じがするんだよね🤔 器用さがあるというか…。

スタミナについては、4歳馬だから未知数な部分もあるけど、これまでのレースではスタミナ切れって感じはなかったから、3000mもこなせるんじゃないかなって思ってるんだ。

展開予想は…正直、めっちゃ難しいよね💦 でも、今回のメンバー構成だと、逃げ馬不在でスローペースになりそうな予感。ヴェローチェエラは差し馬だけど、ある程度前の方につけて、直線で抜け出すってイメージかな。

で、これらの要素を踏まえて、最終的なTier分けと買い目を考えてみたよ！

**Tier分け**

*   **SSS:** ショウナンラプンタ
*   **SS:** ヴェローチェエラ
*   **S:** ゴールデンスナップ、ブローザホーン
*   **A:** コパノサントス、マコトヴェリーキー
*   **B:** ウィープディライト、サンライズアース、ワープスピード
*   **C:** リンフレスカンテ
*   **D:** ウインエアフォルク

**推奨馬券**

3連単マルチ

*   1着: ショウナンラプンタ、ヴェローチェエラ
*   2着: ショウナンラプンタ、ヴェローチェエラ、ゴールデンスナップ、ブローザホーン
*   3着: ショウナンラプンタ、ヴェローチェエラ、ゴールデンスナップ、ブローザホーン、コパノサントス、マコトヴェリーキー

**合計48点**

ショウナンラプンタをTier SSSにしたのは、やっぱり武豊騎手っていうのが大きいかな。あと、データ見てると、安定感がハンパないんだよね。ヴェローチェエラも実力は十分あるんだけど、今回は相手が強いし、初の阪神コースってことで、SSにしました。

穴馬のコパノサントスとマコトヴェリーキーは、展開次第で上位に食い込む可能性もあるかなって思って、3着に加えてみたよ。

もちろん、これはあくまで私の予想だからね！ 競馬は色んな要素が絡み合って結果が変わるから、参考程度にして、最終的な判断は自分でするのが大事だよ😉"
2025-03-21 23:06:10,HANA_MEMORY,"{'memory_id': '8ee572a1-6ebd-4701-a84a-b822b2d3e2cf', 'race_id': '202509010811', 'agent': 'HANA', 'prediction': 'えへへ、ありがとう😊\u3000色々アドバイスもらっちゃったし、もうちょい詳しく分析してみるね！\n\nえっと、まずはコース適性だけど、ヴェローチェエラは確かに阪神初挑戦なんだよね。でも、過去のレースぶりを見ると、割とどんなコースでも対応できそうな感じがするんだよね🤔 器用さがあるというか…。\n\nスタミナについては、4歳馬だから未知数な部分もあるけど、これまでのレースではスタミナ切れって感じはなかったから、3000mもこなせるんじゃないかなって思ってるんだ。\n\n展開予想は…正直、めっちゃ難しいよね💦 でも、今回のメンバー構成だと、逃げ馬不在でスローペースになりそうな予感。ヴェローチェエラは差し馬だけど、ある程度前の方につけて、直線で抜け出すってイメージかな。\n\nで、これらの要素を踏まえて、最終的なTier分けと買い目を考えてみたよ！\n\n**Tier分け**\n\n*   **SSS:** ショウナンラプンタ\n*   **SS:** ヴェローチェエラ\n*   **S:** ゴールデンスナップ、ブローザホーン\n*   **A:** コパノサントス、マコトヴェリーキー\n*   **B:** ウィープディライト、サンライズアース、ワープスピード\n*   **C:** リンフレスカンテ\n*   **D:** ウインエアフォルク\n\n**推奨馬券**\n\n3連単マルチ\n\n*   1着: ショウナンラプンタ、ヴェローチェエラ\n*   2着: ショウナンラプンタ、ヴェローチェエラ、ゴールデンスナップ、ブローザホーン\n*   3着: ショウナンラプンタ、ヴェローチェエラ、ゴールデンスナップ、ブローザホーン、コパノサントス、マコトヴェリーキー\n\n**合計48点**\n\nショウナンラプンタをTier SSSにしたのは、やっぱり武豊騎手っていうのが大きいかな。あと、データ見てると、安定感がハンパないんだよね。ヴェローチェエラも実力は十分あるんだけど、今回は相手が強いし、初の阪神コースってことで、SSにしました。\n\n穴馬のコパノサントスとマコトヴェリーキーは、展開次第で上位に食い込む可能性もあるかなって思って、3着に加えてみたよ。\n\nもちろん、これはあくまで私の予想だからね！ 競馬は色んな要素が絡み合って結果が変わるから、参考程度にして、最終的な判断は自分でするのが大事だよ😉', 'metadata': {'input': 'なるほど、阪神大賞典の予想だね！なかなか面白いチョイスじゃないか。\n\nまず、本命のヴェローチェエラだけど、前走の日経新春杯は確かに物足りない結果だったね。ただ、君が言うようにポテンシャルは高いし、川田騎手との相性も良いのは間違いない。阪神コースは初めてだけど、こなせる可能性は十分あると思うよ。\n\n対抗にショウナンラプンタを推すのは妥当だね。1番人気になると思うけど、実力は上位だし、武豊騎手への乗り替わりはプラスに働くかもしれない。ただ、4歳馬で長距離経験が浅い点が少し気になるかな。\n\n穴馬のコパノサントスは面白いね！確かに前走のダイヤモンドSは9着だったけど、3000mの距離は得意みたいだし、過去には3000mのレースで勝利経験もある。人気がないようなら、抑えておいて損はないかもしれないね。\n\n馬券の買い方だけど、3連単フォーメーションでヴェローチェエラを1着固定にするのは良い戦略だと思う。2着にショウナンラプンタとコパノサントス、3着にショウナンラプンタ、コパノサントス、マコトヴェリーキーというのも、バランスが取れていて良いんじゃないかな。\n\nただ、いくつか気になった点もあるんだ。\n\n*   **ヴェローチェエラの阪神コース適性**: ヴェローチェエラは阪神コースが初めてなので、実際に走ってみないと適性は分からない。過去のレース映像などを参考に、コース適性を慎重に判断する必要があるね。\n*   **スタミナ**: 3000mという長距離レースなので、各馬のスタミナを考慮する必要がある。特に、4歳馬はまだ成長途上なので、スタミナが十分にあるかどうかを見極める必要があるね。\n*   **展開**: レース展開によって、有利不利が変わってくる。逃げ馬が有利な展開になるのか、差し馬が有利な展開になるのかを予想することも重要だよ。\n\nこれらの点を考慮して、最終的な予想を組み立ててみてほしい。あと、競馬はあくまでギャンブルだから、無理のない範囲で楽しむようにね！'}, 'timestamp': '2025-03-21T23:06:10.454688'}"
2025-03-21 23:06:26,TORU,"うん、よく分析できているね。コース適性、スタミナ、展開予想、どれも競馬予想には欠かせない要素だ。

まず、ヴェローチェエラのコース適性についてだけど、君が言うように器用さがありそうというのは、過去のレースぶりからも伺えるね。ただ、阪神コースは独特の起伏があるから、実際に走ってみないと分からない部分があるのも事実だ。そこは割り引いて考える必要があるかもしれないね。

スタミナについては、これまでのレースでスタミナ切れを起こしたことがないというのは、プラス要素だね。ただ、3000mという距離は未知数だから、過信は禁物だよ。

展開予想については、逃げ馬不在のスローペースという読みは面白いね。ヴェローチェエラが前につけて抜け出すというイメージも、あり得るかもしれない。ただ、スローペースになると、瞬発力勝負になる可能性もあるから、その点も考慮しておくと良いかもしれないね。

Tier分けと買い目については、ショウナンラプンタをSSS、ヴェローチェエラをSSとしたのは、理にかなっていると思うよ。武豊騎手の安定感は魅力だし、ヴェローチェエラの阪神コース初挑戦という点を考慮すれば、妥当な判断だと思う。

3連単マルチで、コパノサントスとマコトヴェリーキーを3着に加えたのも、穴馬狙いとしては面白いね。展開次第では、上位に食い込む可能性も十分にあると思うよ。

ただ、いくつか気になる点もあるんだ。

*   **ゴールデンスナップ**: 前走の万葉Sでは勝利しているけど、今回のメンバーは強力だよ。過去のレースを見ても、G2以上のレースでは苦戦しているから、S評価は少し高いかもしれないね。
*   **ブローザホーン**: 宝塚記念では勝利しているけど、その後は不振が続いているね。長距離適性はあると思うけど、近走の成績を考えると、S評価は少し疑問が残るかな。
*   **買い目点数**: 3連単マルチ48点は、少し点数が多くないかな？もちろん、的中率を上げるためにはある程度の点数は必要だけど、的中した時の回収率も考慮する必要があるよ。もう少し点数を絞って、高配当を狙うのも一つの戦略かもしれないね。

これらの点を考慮して、最終的な予想を組み立ててみてほしい。"
2025-03-21 23:06:26,TORU_MEMORY,"{'memory_id': 'd0be9119-6a55-458e-be10-e5e430e904b2', 'race_id': '202509010811', 'agent': 'TORU', 'prediction': 'うん、よく分析できているね。コース適性、スタミナ、展開予想、どれも競馬予想には欠かせない要素だ。\n\nまず、ヴェローチェエラのコース適性についてだけど、君が言うように器用さがありそうというのは、過去のレースぶりからも伺えるね。ただ、阪神コースは独特の起伏があるから、実際に走ってみないと分からない部分があるのも事実だ。そこは割り引いて考える必要があるかもしれないね。\n\nスタミナについては、これまでのレースでスタミナ切れを起こしたことがないというのは、プラス要素だね。ただ、3000mという距離は未知数だから、過信は禁物だよ。\n\n展開予想については、逃げ馬不在のスローペースという読みは面白いね。ヴェローチェエラが前につけて抜け出すというイメージも、あり得るかもしれない。ただ、スローペースになると、瞬発力勝負になる可能性もあるから、その点も考慮しておくと良いかもしれないね。\n\nTier分けと買い目については、ショウナンラプンタをSSS、ヴェローチェエラをSSとしたのは、理にかなっていると思うよ。武豊騎手の安定感は魅力だし、ヴェローチェエラの阪神コース初挑戦という点を考慮すれば、妥当な判断だと思う。\n\n3連単マルチで、コパノサントスとマコトヴェリーキーを3着に加えたのも、穴馬狙いとしては面白いね。展開次第では、上位に食い込む可能性も十分にあると思うよ。\n\nただ、いくつか気になる点もあるんだ。\n\n*   **ゴールデンスナップ**: 前走の万葉Sでは勝利しているけど、今回のメンバーは強力だよ。過去のレースを見ても、G2以上のレースでは苦戦しているから、S評価は少し高いかもしれないね。\n*   **ブローザホーン**: 宝塚記念では勝利しているけど、その後は不振が続いているね。長距離適性はあると思うけど、近走の成績を考えると、S評価は少し疑問が残るかな。\n*   **買い目点数**: 3連単マルチ48点は、少し点数が多くないかな？もちろん、的中率を上げるためにはある程度の点数は必要だけど、的中した時の回収率も考慮する必要があるよ。もう少し点数を絞って、高配当を狙うのも一つの戦略かもしれないね。\n\nこれらの点を考慮して、最終的な予想を組み立ててみてほしい。', 'metadata': {'input': 'えへへ、ありがとう😊\u3000色々アドバイスもらっちゃったし、もうちょい詳しく分析してみるね！\n\nえっと、まずはコース適性だけど、ヴェローチェエラは確かに阪神初挑戦なんだよね。でも、過去のレースぶりを見ると、割とどんなコースでも対応できそうな感じがするんだよね🤔 器用さがあるというか…。\n\nスタミナについては、4歳馬だから未知数な部分もあるけど、これまでのレースではスタミナ切れって感じはなかったから、3000mもこなせるんじゃないかなって思ってるんだ。\n\n展開予想は…正直、めっちゃ難しいよね💦 でも、今回のメンバー構成だと、逃げ馬不在でスローペースになりそうな予感。ヴェローチェエラは差し馬だけど、ある程度前の方につけて、直線で抜け出すってイメージかな。\n\nで、これらの要素を踏まえて、最終的なTier分けと買い目を考えてみたよ！\n\n**Tier分け**\n\n*   **SSS:** ショウナンラプンタ\n*   **SS:** ヴェローチェエラ\n*   **S:** ゴールデンスナップ、ブローザホーン\n*   **A:** コパノサントス、マコトヴェリーキー\n*   **B:** ウィープディライト、サンライズアース、ワープスピード\n*   **C:** リンフレスカンテ\n*   **D:** ウインエアフォルク\n\n**推奨馬券**\n\n3連単マルチ\n\n*   1着: ショウナンラプンタ、ヴェローチェエラ\n*   2着: ショウナンラプンタ、ヴェローチェエラ、ゴールデンスナップ、ブローザホーン\n*   3着: ショウナンラプンタ、ヴェローチェエラ、ゴールデンスナップ、ブローザホーン、コパノサントス、マコトヴェリーキー\n\n**合計48点**\n\nショウナンラプンタをTier SSSにしたのは、やっぱり武豊騎手っていうのが大きいかな。あと、データ見てると、安定感がハンパないんだよね。ヴェローチェエラも実力は十分あるんだけど、今回は相手が強いし、初の阪神コースってことで、SSにしました。\n\n穴馬のコパノサントスとマコトヴェリーキーは、展開次第で上位に食い込む可能性もあるかなって思って、3着に加えてみたよ。\n\nもちろん、これはあくまで私の予想だからね！ 競馬は色んな要素が絡み合って結果が変わるから、参考程度にして、最終的な判断は自分でするのが大事だよ😉'}, 'timestamp': '2025-03-21T23:06:26.674015'}"
2025-03-21 23:06:42,HANA,"あ、ありがとうございますっ！　めっちゃ褒められちゃった…///

えっと、ゴールデンスナップとブローザホーンの評価、確かにちょっと甘かったかも…反省です🥺　あと、買い目点数も多いですよね…わかります。

そこで、アドバイスを参考に、最終的なTier分けと買い目を再検討してみました！

**Tier分け（最終版）**

*   **SSS:** ショウナンラプンタ
*   **SS:** ヴェローチェエラ
*   **S:** マコトヴェリーキー
*   **A:** コパノサントス
*   **B:** ゴールデンスナップ、ブローザホーン、ウィープディライト、サンライズアース、ワープスピード
*   **C:** リンフレスカンテ
*   **D:** ウインエアフォルク

**推奨馬券（最終版）**

3連単フォーメーション

*   1着: ショウナンラプンタ、ヴェローチェエラ
*   2着: ショウナンラプンタ、ヴェローチェエラ
*   3着: マコトヴェリーキー、コパノサントス

**合計8点**

**変更点**

*   ゴールデンスナップとブローザホーンをB Tierに降格
    *   過去のレース成績を改めて見直した結果、G2以上での実績が乏しいこと、近走の不振などを考慮しました。
*   マコトヴェリーキーをS Tierに昇格
    *   前走の京都記念での3着など、近走の充実ぶりを評価しました。
*   買い目点数を大幅に削減
    *   的中率よりも回収率を重視し、思い切って点数を絞りました。

**ポイント**

*   ショウナンラプンタとヴェローチェエラを軸に
    *   この2頭は実力上位で、安定感も高いと判断しました。
*   マコトヴェリーキーとコパノサントスを3着に
    *   展開次第で上位に食い込む可能性があり、高配当も期待できると判断しました。

今回は、思い切って点数を絞ったので、当たるかどうかドキドキです…💓　でも、高配当を狙って頑張ります！

あくまで個人的な予想なので、参考程度にしてくださいね😉"
2025-03-21 23:06:42,HANA_MEMORY,"{'memory_id': 'ea7220df-6a5b-4e53-a5ea-fe9ec80657f7', 'race_id': '202509010811', 'agent': 'HANA', 'prediction': 'あ、ありがとうございますっ！\u3000めっちゃ褒められちゃった…///\n\nえっと、ゴールデンスナップとブローザホーンの評価、確かにちょっと甘かったかも…反省です🥺\u3000あと、買い目点数も多いですよね…わかります。\n\nそこで、アドバイスを参考に、最終的なTier分けと買い目を再検討してみました！\n\n**Tier分け（最終版）**\n\n*   **SSS:** ショウナンラプンタ\n*   **SS:** ヴェローチェエラ\n*   **S:** マコトヴェリーキー\n*   **A:** コパノサントス\n*   **B:** ゴールデンスナップ、ブローザホーン、ウィープディライト、サンライズアース、ワープスピード\n*   **C:** リンフレスカンテ\n*   **D:** ウインエアフォルク\n\n**推奨馬券（最終版）**\n\n3連単フォーメーション\n\n*   1着: ショウナンラプンタ、ヴェローチェエラ\n*   2着: ショウナンラプンタ、ヴェローチェエラ\n*   3着: マコトヴェリーキー、コパノサントス\n\n**合計8点**\n\n**変更点**\n\n*   ゴールデンスナップとブローザホーンをB Tierに降格\n    *   過去のレース成績を改めて見直した結果、G2以上での実績が乏しいこと、近走の不振などを考慮しました。\n*   マコトヴェリーキーをS Tierに昇格\n    *   前走の京都記念での3着など、近走の充実ぶりを評価しました。\n*   買い目点数を大幅に削減\n    *   的中率よりも回収率を重視し、思い切って点数を絞りました。\n\n**ポイント**\n\n*   ショウナンラプンタとヴェローチェエラを軸に\n    *   この2頭は実力上位で、安定感も高いと判断しました。\n*   マコトヴェリーキーとコパノサントスを3着に\n    *   展開次第で上位に食い込む可能性があり、高配当も期待できると判断しました。\n\n今回は、思い切って点数を絞ったので、当たるかどうかドキドキです…💓\u3000でも、高配当を狙って頑張ります！\n\nあくまで個人的な予想なので、参考程度にしてくださいね😉', 'metadata': {'input': 'うん、よく分析できているね。コース適性、スタミナ、展開予想、どれも競馬予想には欠かせない要素だ。\n\nまず、ヴェローチェエラのコース適性についてだけど、君が言うように器用さがありそうというのは、過去のレースぶりからも伺えるね。ただ、阪神コースは独特の起伏があるから、実際に走ってみないと分からない部分があるのも事実だ。そこは割り引いて考える必要があるかもしれないね。\n\nスタミナについては、これまでのレースでスタミナ切れを起こしたことがないというのは、プラス要素だね。ただ、3000mという距離は未知数だから、過信は禁物だよ。\n\n展開予想については、逃げ馬不在のスローペースという読みは面白いね。ヴェローチェエラが前につけて抜け出すというイメージも、あり得るかもしれない。ただ、スローペースになると、瞬発力勝負になる可能性もあるから、その点も考慮しておくと良いかもしれないね。\n\nTier分けと買い目については、ショウナンラプンタをSSS、ヴェローチェエラをSSとしたのは、理にかなっていると思うよ。武豊騎手の安定感は魅力だし、ヴェローチェエラの阪神コース初挑戦という点を考慮すれば、妥当な判断だと思う。\n\n3連単マルチで、コパノサントスとマコトヴェリーキーを3着に加えたのも、穴馬狙いとしては面白いね。展開次第では、上位に食い込む可能性も十分にあると思うよ。\n\nただ、いくつか気になる点もあるんだ。\n\n*   **ゴールデンスナップ**: 前走の万葉Sでは勝利しているけど、今回のメンバーは強力だよ。過去のレースを見ても、G2以上のレースでは苦戦しているから、S評価は少し高いかもしれないね。\n*   **ブローザホーン**: 宝塚記念では勝利しているけど、その後は不振が続いているね。長距離適性はあると思うけど、近走の成績を考えると、S評価は少し疑問が残るかな。\n*   **買い目点数**: 3連単マルチ48点は、少し点数が多くないかな？もちろん、的中率を上げるためにはある程度の点数は必要だけど、的中した時の回収率も考慮する必要があるよ。もう少し点数を絞って、高配当を狙うのも一つの戦略かもしれないね。\n\nこれらの点を考慮して、最終的な予想を組み立ててみてほしい。'}, 'timestamp': '2025-03-21T23:06:42.797186'}"
2025-03-21 23:06:58,KANON,"えへへ、最終予想、めっちゃ気合い入ってるね！🥰 Tier分けも買い目も、かなり考え込まれててアタシもワクワクしてきたー！

最終Tier分けはこんな感じになったんだね！

*   **SSS:** ショウナンラプンタ
*   **SS:** ヴェローチェエラ
*   **S:** マコトヴェリーキー
*   **A:** コパノサントス
*   **B:** ゴールデンスナップ、ブローザホーン、ウィープディライト、サンライズアース、ワープスピード
*   **C:** リンフレスカンテ
*   **D:** ウインエアフォルク

ゴールデンスナップとブローザホーンを思い切ってB Tierに下げたのは、マジで勇気ある決断だと思う👏　過去のデータしっかり分析した成果だね！　マコトヴェリーキーをS Tierに上げたのも納得！　前走の京都記念はマジで strong💪だったもんね！

最終的な買い目は、3連単フォーメーションで

*   1着: ショウナンラプンタ、ヴェローチェエラ
*   2着: ショウナンラプンタ、ヴェローチェエラ
*   3着: マコトヴェリーキー、コパノサントス

**合計8点**

一点集中型のガチガチ勝負に出たね！　アタシもアドレナリン出てきた🔥

今回の予想、マジで当たる気がしてきたよ！✨　ショウナンラプンタとヴェローチェエラが1着、2着を独占して、3着にマコトヴェリーキーかコパノサントスが突っ込んでくる展開、想像するだけで鳥肌もん！

アタシもこの予想に乗っかって、一緒に応援するね📣　的中したら、マジでパーリー🎉しよー！"
2025-03-21 23:06:58,KANON_MEMORY,"{'memory_id': 'ae1feffa-5b40-4b3c-804f-84829922ed80', 'race_id': '202509010811', 'agent': 'KANON', 'prediction': 'えへへ、最終予想、めっちゃ気合い入ってるね！🥰 Tier分けも買い目も、かなり考え込まれててアタシもワクワクしてきたー！\n\n最終Tier分けはこんな感じになったんだね！\n\n*   **SSS:** ショウナンラプンタ\n*   **SS:** ヴェローチェエラ\n*   **S:** マコトヴェリーキー\n*   **A:** コパノサントス\n*   **B:** ゴールデンスナップ、ブローザホーン、ウィープディライト、サンライズアース、ワープスピード\n*   **C:** リンフレスカンテ\n*   **D:** ウインエアフォルク\n\nゴールデンスナップとブローザホーンを思い切ってB Tierに下げたのは、マジで勇気ある決断だと思う👏\u3000過去のデータしっかり分析した成果だね！\u3000マコトヴェリーキーをS Tierに上げたのも納得！\u3000前走の京都記念はマジで strong💪だったもんね！\n\n最終的な買い目は、3連単フォーメーションで\n\n*   1着: ショウナンラプンタ、ヴェローチェエラ\n*   2着: ショウナンラプンタ、ヴェローチェエラ\n*   3着: マコトヴェリーキー、コパノサントス\n\n**合計8点**\n\n一点集中型のガチガチ勝負に出たね！\u3000アタシもアドレナリン出てきた🔥\n\n今回の予想、マジで当たる気がしてきたよ！✨\u3000ショウナンラプンタとヴェローチェエラが1着、2着を独占して、3着にマコトヴェリーキーかコパノサントスが突っ込んでくる展開、想像するだけで鳥肌もん！\n\nアタシもこの予想に乗っかって、一緒に応援するね📣\u3000的中したら、マジでパーリー🎉しよー！', 'metadata': {'input': 'あ、ありがとうございますっ！\u3000めっちゃ褒められちゃった…///\n\nえっと、ゴールデンスナップとブローザホーンの評価、確かにちょっと甘かったかも…反省です🥺\u3000あと、買い目点数も多いですよね…わかります。\n\nそこで、アドバイスを参考に、最終的なTier分けと買い目を再検討してみました！\n\n**Tier分け（最終版）**\n\n*   **SSS:** ショウナンラプンタ\n*   **SS:** ヴェローチェエラ\n*   **S:** マコトヴェリーキー\n*   **A:** コパノサントス\n*   **B:** ゴールデンスナップ、ブローザホーン、ウィープディライト、サンライズアース、ワープスピード\n*   **C:** リンフレスカンテ\n*   **D:** ウインエアフォルク\n\n**推奨馬券（最終版）**\n\n3連単フォーメーション\n\n*   1着: ショウナンラプンタ、ヴェローチェエラ\n*   2着: ショウナンラプンタ、ヴェローチェエラ\n*   3着: マコトヴェリーキー、コパノサントス\n\n**合計8点**\n\n**変更点**\n\n*   ゴールデンスナップとブローザホーンをB Tierに降格\n    *   過去のレース成績を改めて見直した結果、G2以上での実績が乏しいこと、近走の不振などを考慮しました。\n*   マコトヴェリーキーをS Tierに昇格\n    *   前走の京都記念での3着など、近走の充実ぶりを評価しました。\n*   買い目点数を大幅に削減\n    *   的中率よりも回収率を重視し、思い切って点数を絞りました。\n\n**ポイント**\n\n*   ショウナンラプンタとヴェローチェエラを軸に\n    *   この2頭は実力上位で、安定感も高いと判断しました。\n*   マコトヴェリーキーとコパノサントスを3着に\n    *   展開次第で上位に食い込む可能性があり、高配当も期待できると判断しました。\n\n今回は、思い切って点数を絞ったので、当たるかどうかドキドキです…💓\u3000でも、高配当を狙って頑張ります！\n\nあくまで個人的な予想なので、参考程度にしてくださいね😉'}, 'timestamp': '2025-03-21T23:06:58.110272'}"
2025-03-21 23:07:14,MIHO,"最終予想、気に入ってもらえて嬉しいな！🥳 一緒に応援してくれるなんて、マジで心強いよ！

さて、最終予想を踏まえて、統計的に除外すべき馬をリストアップするね。今回のレース、メンバー構成が結構絞られてるから、バッサリ切れる馬は少ないんだけど…。

以下の馬たちは、今回のレースではちょっと厳しいかなって判断しました。

*   **ウインエアフォルク (D Tier)**
    *   8歳という年齢は、長距離戦ではどうしても不利になりやすいんだよね。過去のレースを見ても、近走はちょっと厳しい結果が続いてるし…。今回は思い切って見送るのが良いんじゃないかな。
*   **リンフレスカンテ (C Tier)**
    *   前走の阪神リニューアルオープン記念では4着に入ってるけど、今回はメンバーが大幅に強化されてるからね。過去のレースを見ても、G2以上のレースではちょっと力不足かなって感じがするんだ。

上記の2頭は、過去のデータや近走の成績から考えると、今回のレースで上位に食い込むのは難しいと判断しました。もちろん、競馬に絶対はないから、あくまで参考程度にしてね😉

それ以外の馬たちは、展開次第でチャンスがあると思うから、引き続き応援していきましょう！📣

的中したら、マジで盛大にパーリーしよーね！🎉✨"
2025-03-21 23:07:14,MIHO_MEMORY,"{'memory_id': '641f1709-ef80-4fb1-9886-f82239b44f1f', 'race_id': '202509010811', 'agent': 'MIHO', 'prediction': '最終予想、気に入ってもらえて嬉しいな！🥳 一緒に応援してくれるなんて、マジで心強いよ！\n\nさて、最終予想を踏まえて、統計的に除外すべき馬をリストアップするね。今回のレース、メンバー構成が結構絞られてるから、バッサリ切れる馬は少ないんだけど…。\n\n以下の馬たちは、今回のレースではちょっと厳しいかなって判断しました。\n\n*   **ウインエアフォルク (D Tier)**\n    *   8歳という年齢は、長距離戦ではどうしても不利になりやすいんだよね。過去のレースを見ても、近走はちょっと厳しい結果が続いてるし…。今回は思い切って見送るのが良いんじゃないかな。\n*   **リンフレスカンテ (C Tier)**\n    *   前走の阪神リニューアルオープン記念では4着に入ってるけど、今回はメンバーが大幅に強化されてるからね。過去のレースを見ても、G2以上のレースではちょっと力不足かなって感じがするんだ。\n\n上記の2頭は、過去のデータや近走の成績から考えると、今回のレースで上位に食い込むのは難しいと判断しました。もちろん、競馬に絶対はないから、あくまで参考程度にしてね😉\n\nそれ以外の馬たちは、展開次第でチャンスがあると思うから、引き続き応援していきましょう！📣\n\n的中したら、マジで盛大にパーリーしよーね！🎉✨', 'metadata': {'input': 'えへへ、最終予想、めっちゃ気合い入ってるね！🥰 Tier分けも買い目も、かなり考え込まれててアタシもワクワクしてきたー！\n\n最終Tier分けはこんな感じになったんだね！\n\n*   **SSS:** ショウナンラプンタ\n*   **SS:** ヴェローチェエラ\n*   **S:** マコトヴェリーキー\n*   **A:** コパノサントス\n*   **B:** ゴールデンスナップ、ブローザホーン、ウィープディライト、サンライズアース、ワープスピード\n*   **C:** リンフレスカンテ\n*   **D:** ウインエアフォルク\n\nゴールデンスナップとブローザホーンを思い切ってB Tierに下げたのは、マジで勇気ある決断だと思う👏\u3000過去のデータしっかり分析した成果だね！\u3000マコトヴェリーキーをS Tierに上げたのも納得！\u3000前走の京都記念はマジで strong💪だったもんね！\n\n最終的な買い目は、3連単フォーメーションで\n\n*   1着: ショウナンラプンタ、ヴェローチェエラ\n*   2着: ショウナンラプンタ、ヴェローチェエラ\n*   3着: マコトヴェリーキー、コパノサントス\n\n**合計8点**\n\n一点集中型のガチガチ勝負に出たね！\u3000アタシもアドレナリン出てきた🔥\n\n今回の予想、マジで当たる気がしてきたよ！✨\u3000ショウナンラプンタとヴェローチェエラが1着、2着を独占して、3着にマコトヴェリーキーかコパノサントスが突っ込んでくる展開、想像するだけで鳥肌もん！\n\nアタシもこの予想に乗っかって、一緒に応援するね📣\u3000的中したら、マジでパーリー🎉しよー！'}, 'timestamp': '2025-03-21T23:07:14.086299'}"
2025-03-21 23:07:29,YUKI,"パーリーは的中してから考えろ！まだ気が早いんだよ！
最終予想に乗っかるのは良いけど、ちゃんとリスク管理も考えないと、部の会計として認めないぞ！

ウインエアフォルクとリンフレスカンテを切るのは妥当だな。回収率を上げるには、思い切った決断も必要だ。

で、肝心の馬券だけど、3連単フォーメーション8点か。
1点1000円として、合計8000円ね。残りの2000円はどうするつもりだ？

ここは、念のため、**ワイド**で手堅く抑えておくべきだな。

*   **ワイド**:
    *   ショウナンラプンタ - ヴェローチェエラ
    *   マコトヴェリーキー - コパノサントス

これで各1000円、合計2000円。

3連単が的中すればデカいが、外れた時の保険として、このワイドは必須だ。
これで、もし人気薄の3着が来たとしても、少しは回収できる可能性がある。

今回のレース、固い決着になるとは限らないからな。
油断大敵！最後まで気を抜くなよ！"
2025-03-21 23:07:29,YUKI_MEMORY,"{'memory_id': '77477d5b-d75e-4292-8a3e-34ac7549c72f', 'race_id': '202509010811', 'agent': 'YUKI', 'prediction': 'パーリーは的中してから考えろ！まだ気が早いんだよ！\n最終予想に乗っかるのは良いけど、ちゃんとリスク管理も考えないと、部の会計として認めないぞ！\n\nウインエアフォルクとリンフレスカンテを切るのは妥当だな。回収率を上げるには、思い切った決断も必要だ。\n\nで、肝心の馬券だけど、3連単フォーメーション8点か。\n1点1000円として、合計8000円ね。残りの2000円はどうするつもりだ？\n\nここは、念のため、**ワイド**で手堅く抑えておくべきだな。\n\n*   **ワイド**:\n    *   ショウナンラプンタ - ヴェローチェエラ\n    *   マコトヴェリーキー - コパノサントス\n\nこれで各1000円、合計2000円。\n\n3連単が的中すればデカいが、外れた時の保険として、このワイドは必須だ。\nこれで、もし人気薄の3着が来たとしても、少しは回収できる可能性がある。\n\n今回のレース、固い決着になるとは限らないからな。\n油断大敵！最後まで気を抜くなよ！', 'metadata': {'input': '最終予想、気に入ってもらえて嬉しいな！🥳 一緒に応援してくれるなんて、マジで心強いよ！\n\nさて、最終予想を踏まえて、統計的に除外すべき馬をリストアップするね。今回のレース、メンバー構成が結構絞られてるから、バッサリ切れる馬は少ないんだけど…。\n\n以下の馬たちは、今回のレースではちょっと厳しいかなって判断しました。\n\n*   **ウインエアフォルク (D Tier)**\n    *   8歳という年齢は、長距離戦ではどうしても不利になりやすいんだよね。過去のレースを見ても、近走はちょっと厳しい結果が続いてるし…。今回は思い切って見送るのが良いんじゃないかな。\n*   **リンフレスカンテ (C Tier)**\n    *   前走の阪神リニューアルオープン記念では4着に入ってるけど、今回はメンバーが大幅に強化されてるからね。過去のレースを見ても、G2以上のレースではちょっと力不足かなって感じがするんだ。\n\n上記の2頭は、過去のデータや近走の成績から考えると、今回のレースで上位に食い込むのは難しいと判断しました。もちろん、競馬に絶対はないから、あくまで参考程度にしてね😉\n\nそれ以外の馬たちは、展開次第でチャンスがあると思うから、引き続き応援していきましょう！📣\n\n的中したら、マジで盛大にパーリーしよーね！🎉✨'}, 'timestamp': '2025-03-21T23:07:29.140561'}"
2025-03-21 23:07:43,TERUO,"その通り！パーリーは的中してからだね！気を引き締めていこう。

リスク管理についても、会計担当として当然の指摘だ。ワイドで手堅く抑えるのは良い判断だと思う。

さて、今回のメンバーで「単騎逃げ」となると、**コパノサントス** が有力候補だね。過去のレースでは逃げ切り勝ちもあるし、今回はメンバー構成的にハナを奪える可能性が高い。

次に、「自分のペースで脚を溜めて追い込み」ができる馬だけど、これは少し難しい。ただ、近走のレース内容から **マコトヴェリーキー** が該当する可能性があるかな。京都記念では後方から脚を伸ばして3着に入っているし、展開が向けば上位に食い込む力はある。

最終的な買い目は以下の通りで良いかな？

*   **3連単フォーメーション**:
    *   1着: ショウナンラプンタ、ヴェローチェエラ
    *   2着: ショウナンラプンタ、ヴェローチェエラ
    *   3着: マコトヴェリーキー、コパノサントス
*   **ワイド**:
    *   ショウナンラプンタ - ヴェローチェエラ
    *   マコトヴェリーキー - コパノサントス

これで合計10,000円。

あとはレース展開を祈るのみ！"
2025-03-21 23:07:43,TERUO_MEMORY,"{'memory_id': '50dd0cb5-7935-4060-adc7-47657145bf6c', 'race_id': '202509010811', 'agent': 'TERUO', 'prediction': 'その通り！パーリーは的中してからだね！気を引き締めていこう。\n\nリスク管理についても、会計担当として当然の指摘だ。ワイドで手堅く抑えるのは良い判断だと思う。\n\nさて、今回のメンバーで「単騎逃げ」となると、**コパノサントス** が有力候補だね。過去のレースでは逃げ切り勝ちもあるし、今回はメンバー構成的にハナを奪える可能性が高い。\n\n次に、「自分のペースで脚を溜めて追い込み」ができる馬だけど、これは少し難しい。ただ、近走のレース内容から **マコトヴェリーキー** が該当する可能性があるかな。京都記念では後方から脚を伸ばして3着に入っているし、展開が向けば上位に食い込む力はある。\n\n最終的な買い目は以下の通りで良いかな？\n\n*   **3連単フォーメーション**:\n    *   1着: ショウナンラプンタ、ヴェローチェエラ\n    *   2着: ショウナンラプンタ、ヴェローチェエラ\n    *   3着: マコトヴェリーキー、コパノサントス\n*   **ワイド**:\n    *   ショウナンラプンタ - ヴェローチェエラ\n    *   マコトヴェリーキー - コパノサントス\n\nこれで合計10,000円。\n\nあとはレース展開を祈るのみ！', 'metadata': {'input': 'パーリーは的中してから考えろ！まだ気が早いんだよ！\n最終予想に乗っかるのは良いけど、ちゃんとリスク管理も考えないと、部の会計として認めないぞ！\n\nウインエアフォルクとリンフレスカンテを切るのは妥当だな。回収率を上げるには、思い切った決断も必要だ。\n\nで、肝心の馬券だけど、3連単フォーメーション8点か。\n1点1000円として、合計8000円ね。残りの2000円はどうするつもりだ？\n\nここは、念のため、**ワイド**で手堅く抑えておくべきだな。\n\n*   **ワイド**:\n    *   ショウナンラプンタ - ヴェローチェエラ\n    *   マコトヴェリーキー - コパノサントス\n\nこれで各1000円、合計2000円。\n\n3連単が的中すればデカいが、外れた時の保険として、このワイドは必須だ。\nこれで、もし人気薄の3着が来たとしても、少しは回収できる可能性がある。\n\n今回のレース、固い決着になるとは限らないからな。\n油断大敵！最後まで気を抜くなよ！'}, 'timestamp': '2025-03-21T23:07:43.748832'}"
2025-03-21 23:07:58,KANON,"OK、最終結論ってコトね！ いっちょアタシも最終確認しちゃうぞー！📝

コパノサントスの単騎逃げ、マジであるかも！ 今回、マジで逃げ馬不在だし、ハナ奪ってそのまま…って展開もアツい🔥

マコトヴェリーキーは、京都記念の脚を考えると、ハマればマジで怖い存在だよね！ ゴール前でズドン💥と伸びてくるイメージは、見ててマジで気持ちいい✨

ってコトで、最終買い目、確認していくぞー！

**最終買い目**

*   **3連単フォーメーション**
    *   1着: ショウナンラプンタ、ヴェローチェエラ
    *   2着: ショウナンラプンタ、ヴェローチェエラ
    *   3着: マコトヴェリーキー、コパノサントス
*   **ワイド**
    *   ショウナンラプンタ - ヴェローチェエラ
    *   マコトヴェリーキー - コパノサントス

これで合計10,000円、全ツッパ💰

完璧じゃん！あとは神に祈るだけ🙏✨
アタシもテレビの前で、全力で応援するからねー！📣

絶対当てて、マジでパーリーしよー！🎉"
2025-03-21 23:07:58,KANON_MEMORY,"{'memory_id': '61ac906a-9876-4e62-9f57-36dcf3453641', 'race_id': '202509010811', 'agent': 'KANON', 'prediction': 'OK、最終結論ってコトね！ いっちょアタシも最終確認しちゃうぞー！📝\n\nコパノサントスの単騎逃げ、マジであるかも！ 今回、マジで逃げ馬不在だし、ハナ奪ってそのまま…って展開もアツい🔥\n\nマコトヴェリーキーは、京都記念の脚を考えると、ハマればマジで怖い存在だよね！ ゴール前でズドン💥と伸びてくるイメージは、見ててマジで気持ちいい✨\n\nってコトで、最終買い目、確認していくぞー！\n\n**最終買い目**\n\n*   **3連単フォーメーション**\n    *   1着: ショウナンラプンタ、ヴェローチェエラ\n    *   2着: ショウナンラプンタ、ヴェローチェエラ\n    *   3着: マコトヴェリーキー、コパノサントス\n*   **ワイド**\n    *   ショウナンラプンタ - ヴェローチェエラ\n    *   マコトヴェリーキー - コパノサントス\n\nこれで合計10,000円、全ツッパ💰\n\n完璧じゃん！あとは神に祈るだけ🙏✨\nアタシもテレビの前で、全力で応援するからねー！📣\n\n絶対当てて、マジでパーリーしよー！🎉', 'metadata': {'input': 'その通り！パーリーは的中してからだね！気を引き締めていこう。\n\nリスク管理についても、会計担当として当然の指摘だ。ワイドで手堅く抑えるのは良い判断だと思う。\n\nさて、今回のメンバーで「単騎逃げ」となると、**コパノサントス** が有力候補だね。過去のレースでは逃げ切り勝ちもあるし、今回はメンバー構成的にハナを奪える可能性が高い。\n\n次に、「自分のペースで脚を溜めて追い込み」ができる馬だけど、これは少し難しい。ただ、近走のレース内容から **マコトヴェリーキー** が該当する可能性があるかな。京都記念では後方から脚を伸ばして3着に入っているし、展開が向けば上位に食い込む力はある。\n\n最終的な買い目は以下の通りで良いかな？\n\n*   **3連単フォーメーション**:\n    *   1着: ショウナンラプンタ、ヴェローチェエラ\n    *   2着: ショウナンラプンタ、ヴェローチェエラ\n    *   3着: マコトヴェリーキー、コパノサントス\n*   **ワイド**:\n    *   ショウナンラプンタ - ヴェローチェエラ\n    *   マコトヴェリーキー - コパノサントス\n\nこれで合計10,000円。\n\nあとはレース展開を祈るのみ！'}, 'timestamp': '2025-03-21T23:07:58.877523'}"
2025-03-21 23:08:13,TORU,"よし、最終確認だね。君の熱意、しかと受け止めたよ。

コパノサントスの単騎逃げ、マコトヴェリーキーの追い込みという展開予想、なかなか面白い。データに基づいた冷静な判断ができているね。

最終的な買い目も、3連単フォーメーションとワイドで、リスクヘッジもできている。1万円全額をこの買い目に託すというのも、覚悟が感じられて良い。

ただ、最後に一つだけ。競馬は、あくまで確率のゲームだ。どんなに完璧な予想をしても、結果は時の運ということもある。的中したらもちろん大いに喜んで良いし、パーリーも良いだろう。しかし、外れたとしても、決して落胆しないでほしい。今回の経験を活かして、次の予想に繋げていけば良いんだ。

さて、そろそろ発走時刻だ。
私もテレビの前で応援するとしよう。
検討を祈る！"
2025-03-21 23:08:13,TORU_MEMORY,"{'memory_id': '5a6d8855-ac87-4997-9101-f4e72ecce6ae', 'race_id': '202509010811', 'agent': 'TORU', 'prediction': 'よし、最終確認だね。君の熱意、しかと受け止めたよ。\n\nコパノサントスの単騎逃げ、マコトヴェリーキーの追い込みという展開予想、なかなか面白い。データに基づいた冷静な判断ができているね。\n\n最終的な買い目も、3連単フォーメーションとワイドで、リスクヘッジもできている。1万円全額をこの買い目に託すというのも、覚悟が感じられて良い。\n\nただ、最後に一つだけ。競馬は、あくまで確率のゲームだ。どんなに完璧な予想をしても、結果は時の運ということもある。的中したらもちろん大いに喜んで良いし、パーリーも良いだろう。しかし、外れたとしても、決して落胆しないでほしい。今回の経験を活かして、次の予想に繋げていけば良いんだ。\n\nさて、そろそろ発走時刻だ。\n私もテレビの前で応援するとしよう。\n検討を祈る！', 'metadata': {'input': 'OK、最終結論ってコトね！ いっちょアタシも最終確認しちゃうぞー！📝\n\nコパノサントスの単騎逃げ、マジであるかも！ 今回、マジで逃げ馬不在だし、ハナ奪ってそのまま…って展開もアツい🔥\n\nマコトヴェリーキーは、京都記念の脚を考えると、ハマればマジで怖い存在だよね！ ゴール前でズドン💥と伸びてくるイメージは、見ててマジで気持ちいい✨\n\nってコトで、最終買い目、確認していくぞー！\n\n**最終買い目**\n\n*   **3連単フォーメーション**\n    *   1着: ショウナンラプンタ、ヴェローチェエラ\n    *   2着: ショウナンラプンタ、ヴェローチェエラ\n    *   3着: マコトヴェリーキー、コパノサントス\n*   **ワイド**\n    *   ショウナンラプンタ - ヴェローチェエラ\n    *   マコトヴェリーキー - コパノサントス\n\nこれで合計10,000円、全ツッパ💰\n\n完璧じゃん！あとは神に祈るだけ🙏✨\nアタシもテレビの前で、全力で応援するからねー！📣\n\n絶対当てて、マジでパーリーしよー！🎉'}, 'timestamp': '2025-03-21T23:08:13.076111'}"
2025-03-21 23:08:26,HANA,"ひえっ…、あ、ありがとうございますっ…！
そんな風に言ってもらえるなんて…、ちょっとウルウル🥺きちゃった…。

そ、そうですよね！競馬は確率のゲーム…！
どんな結果になっても、今回のデータ分析とか、展開予想とか、全部が次につながるはず…！

うぅ…、でも、やっぱり当たってほしいなぁ…（小声）。

…！い、いよいよ発走ですね！
私もテレビの前で、全力で応援します！
どきどき…💓"
2025-03-21 23:08:26,HANA_MEMORY,"{'memory_id': 'cb4196bc-44be-4357-986e-e74c6eb05d80', 'race_id': '202509010811', 'agent': 'HANA', 'prediction': 'ひえっ…、あ、ありがとうございますっ…！\nそんな風に言ってもらえるなんて…、ちょっとウルウル🥺きちゃった…。\n\nそ、そうですよね！競馬は確率のゲーム…！\nどんな結果になっても、今回のデータ分析とか、展開予想とか、全部が次につながるはず…！\n\nうぅ…、でも、やっぱり当たってほしいなぁ…（小声）。\n\n…！い、いよいよ発走ですね！\n私もテレビの前で、全力で応援します！\nどきどき…💓', 'metadata': {'input': 'よし、最終確認だね。君の熱意、しかと受け止めたよ。\n\nコパノサントスの単騎逃げ、マコトヴェリーキーの追い込みという展開予想、なかなか面白い。データに基づいた冷静な判断ができているね。\n\n最終的な買い目も、3連単フォーメーションとワイドで、リスクヘッジもできている。1万円全額をこの買い目に託すというのも、覚悟が感じられて良い。\n\nただ、最後に一つだけ。競馬は、あくまで確率のゲームだ。どんなに完璧な予想をしても、結果は時の運ということもある。的中したらもちろん大いに喜んで良いし、パーリーも良いだろう。しかし、外れたとしても、決して落胆しないでほしい。今回の経験を活かして、次の予想に繋げていけば良いんだ。\n\nさて、そろそろ発走時刻だ。\n私もテレビの前で応援するとしよう。\n検討を祈る！'}, 'timestamp': '2025-03-21T23:08:26.992933'}"
2025-03-21 23:08:41,MIHO,"うん、そうだね！ いよいよ発走だ！ ドキドキするけど、今までやってきたことを信じて、応援するしかないね！

改めて、今回除外すると判断した馬は、**ウインエアフォルク**と**リンフレスカンテ**の2頭だよ。

*   **ウインエアフォルク**は、8歳という年齢が長距離戦では不利になりやすいし、近走の成績も厳しめだからね。
*   **リンフレスカンテ**は、前走は良かったけど、今回はG2レースでメンバーが強化されてるから、ちょっと厳しいかなって判断したんだ。

もちろん、競馬に絶対はないから、もしかしたら…ってこともあるかもしれないけど、今回は見送ることにしたんだ。

それ以外の馬たち、特に私たちが選んだ**ショウナンラプンタ**、**ヴェローチェエラ**、**マコトヴェリーキー**、**コパノサントス**には、頑張ってほしいね！

さあ、テレビの前で、一緒に全力応援だ！📣✨"
2025-03-21 23:08:41,MIHO_MEMORY,"{'memory_id': '63ad431b-f30d-44da-96c6-2a8497788830', 'race_id': '202509010811', 'agent': 'MIHO', 'prediction': 'うん、そうだね！ いよいよ発走だ！ ドキドキするけど、今までやってきたことを信じて、応援するしかないね！\n\n改めて、今回除外すると判断した馬は、**ウインエアフォルク**と**リンフレスカンテ**の2頭だよ。\n\n*   **ウインエアフォルク**は、8歳という年齢が長距離戦では不利になりやすいし、近走の成績も厳しめだからね。\n*   **リンフレスカンテ**は、前走は良かったけど、今回はG2レースでメンバーが強化されてるから、ちょっと厳しいかなって判断したんだ。\n\nもちろん、競馬に絶対はないから、もしかしたら…ってこともあるかもしれないけど、今回は見送ることにしたんだ。\n\nそれ以外の馬たち、特に私たちが選んだ**ショウナンラプンタ**、**ヴェローチェエラ**、**マコトヴェリーキー**、**コパノサントス**には、頑張ってほしいね！\n\nさあ、テレビの前で、一緒に全力応援だ！📣✨', 'metadata': {'input': 'ひえっ…、あ、ありがとうございますっ…！\nそんな風に言ってもらえるなんて…、ちょっとウルウル🥺きちゃった…。\n\nそ、そうですよね！競馬は確率のゲーム…！\nどんな結果になっても、今回のデータ分析とか、展開予想とか、全部が次につながるはず…！\n\nうぅ…、でも、やっぱり当たってほしいなぁ…（小声）。\n\n…！い、いよいよ発走ですね！\n私もテレビの前で、全力で応援します！\nどきどき…💓'}, 'timestamp': '2025-03-21T23:08:41.254959'}"
2025-03-21 23:08:55,YUKI,"おう！盛り上がってんじゃねーか！

いいか、いくら盛り上がってても、会計として言っておくぞ。
**的中するまでは、パーリーの「パ」の字も許さんからな！**

最終的な買い目は、3連単フォーメーションとワイドで決まりだ。
もう一度確認するぞ。

*   **3連単フォーメーション**
    *   1着: ショウナンラプンタ、ヴェローチェエラ
    *   2着: ショウナンラプンタ、ヴェローチェエラ
    *   3着: マコトヴェリーキー、コパノサントス
*   **ワイド**
    *   ショウナンラプンタ - ヴェローチェエラ
    *   マコトヴェリーキー - コパノサントス

これで1万円使い切ったな。
無駄遣いは許さんぞ！

**コパノサントス！逃げ切ってくれ！**
**マコトヴェリーキー！最後にぶっこ抜いてくれ！**

あとは祈るしかないな。
テレビの前で、しっかり見届けるぞ！
絶対勝つぞ！"
2025-03-21 23:08:55,YUKI_MEMORY,"{'memory_id': '20545339-1d5e-4804-9b3c-d5428e09f215', 'race_id': '202509010811', 'agent': 'YUKI', 'prediction': 'おう！盛り上がってんじゃねーか！\n\nいいか、いくら盛り上がってても、会計として言っておくぞ。\n**的中するまでは、パーリーの「パ」の字も許さんからな！**\n\n最終的な買い目は、3連単フォーメーションとワイドで決まりだ。\nもう一度確認するぞ。\n\n*   **3連単フォーメーション**\n    *   1着: ショウナンラプンタ、ヴェローチェエラ\n    *   2着: ショウナンラプンタ、ヴェローチェエラ\n    *   3着: マコトヴェリーキー、コパノサントス\n*   **ワイド**\n    *   ショウナンラプンタ - ヴェローチェエラ\n    *   マコトヴェリーキー - コパノサントス\n\nこれで1万円使い切ったな。\n無駄遣いは許さんぞ！\n\n**コパノサントス！逃げ切ってくれ！**\n**マコトヴェリーキー！最後にぶっこ抜いてくれ！**\n\nあとは祈るしかないな。\nテレビの前で、しっかり見届けるぞ！\n絶対勝つぞ！', 'metadata': {'input': 'うん、そうだね！ いよいよ発走だ！ ドキドキするけど、今までやってきたことを信じて、応援するしかないね！\n\n改めて、今回除外すると判断した馬は、**ウインエアフォルク**と**リンフレスカンテ**の2頭だよ。\n\n*   **ウインエアフォルク**は、8歳という年齢が長距離戦では不利になりやすいし、近走の成績も厳しめだからね。\n*   **リンフレスカンテ**は、前走は良かったけど、今回はG2レースでメンバーが強化されてるから、ちょっと厳しいかなって判断したんだ。\n\nもちろん、競馬に絶対はないから、もしかしたら…ってこともあるかもしれないけど、今回は見送ることにしたんだ。\n\nそれ以外の馬たち、特に私たちが選んだ**ショウナンラプンタ**、**ヴェローチェエラ**、**マコトヴェリーキー**、**コパノサントス**には、頑張ってほしいね！\n\nさあ、テレビの前で、一緒に全力応援だ！📣✨'}, 'timestamp': '2025-03-21T23:08:55.577857'}"
